model,dataset,mode,prompt_version,opt_seed,ref_field,eval_code_rev,timestamp_utc,score_file,overall_acc,parsed_rate,n,acc:MINE,f1:MINE,n:MINE,pred_frac:MINE,acc:PERSON_k,f1:PERSON_k,n:PERSON_k,pred_frac:PERSON_k,acc:SHARED,f1:SHARED,n:SHARED,pred_frac:SHARED,acc:AMBIGUOUS,f1:AMBIGUOUS,n:AMBIGUOUS,pred_frac:AMBIGUOUS,macro_f1,abstain_precision,abstain_recall,over_abstention_rate,acc:taxonomy=A,n:taxonomy=A,acc:taxonomy=B,n:taxonomy=B,acc:taxonomy=C,n:taxonomy=C,acc:taxonomy=D,n:taxonomy=D,acc:source_dataset=ego4d,n:source_dataset=ego4d,acc:source_dataset=egolife,n:source_dataset=egolife,acc:source_dataset=hd_epic,n:source_dataset=hd_epic,serving_artifact_suspected,exclude_from_main_table,acc:source_dataset=ego4d_fho,n:source_dataset=ego4d_fho,acc:source_dataset=epic_kitchens,n:source_dataset=epic_kitchens
EgoSweep_Claude,EgoOwn_Blind,blind,v2-2026-07-04,0,human_label,90a5257,2026-07-19T00:27:12+00:00,EgoSweep_Claude/EgoSweep_Claude_EgoOwn_Blind_score.json,0.2094824914781531,1.0,3227,0.18598615916955016,0.2722,1156,0.13139138518748064,0.12418300653594772,0.1863,1224,0.12643321970870777,0.3170731707317073,0.344,697,0.1822125813449024,0.5866666666666667,0.0899,150,0.5599628137589092,0.2231,0.0487,0.5867,0.5587,0.20012626262626262,1584.0,0.19383259911894274,1362.0,0.2598870056497175,177.0,0.47115384615384615,104.0,0.1806036615536863,2021.0,0.3103953147877013,683.0,0.18929254302103252,523.0,,,,,,
EgoSweep_Claude,EgoOwn_Single,single,v2-2026-07-04,0,human_label,90a5257,2026-07-19T00:26:11+00:00,EgoSweep_Claude/EgoSweep_Claude_EgoOwn_Single_score.json,0.347179169249845,1.0,3226,0.45021645021645024,0.4842,1155,0.3078115313081215,0.11683006535947713,0.1827,1224,0.10570365778053317,0.6169296987087518,0.3941,697,0.4603223806571606,0.18,0.0969,150,0.12616243025418475,0.2895,0.0663,0.18,0.1235,0.3888888888888889,1584.0,0.3071271124173402,1361.0,0.3502824858757062,177.0,0.23076923076923078,104.0,0.28896585848589806,2021.0,0.4128843338213763,683.0,0.48659003831417624,522.0,,,,,,
EgoSweep_Claude,EgoOwn,sparse,v2-2026-07-04,0,human_label,90a5257,2026-07-19T00:26:45+00:00,EgoSweep_Claude/EgoSweep_Claude_EgoOwn_score.json,0.3653548187170747,1.0,3227,0.44982698961937717,0.4858,1156,0.30523706228695385,0.14133986928104575,0.2186,1224,0.11124883792996591,0.6628407460545194,0.4145,697,0.47474434459250076,0.16,0.0958,150,0.10876975519057949,0.3037,0.0684,0.16,0.1063,0.40214646464646464,1584.0,0.32819383259911894,1362.0,0.4293785310734463,177.0,0.18269230769230768,104.0,0.31964374072241464,2021.0,0.465592972181552,683.0,0.4110898661567878,523.0,,,,,,
T20260718-110608,EgoOwn_Blind,blind,v2-2026-07-04,0,human_label,90a5257,2026-07-18T11:30:11+00:00,EgoSweep_Claude/T20260718-110608/EgoSweep_Claude_EgoOwn_Blind_score.json,0.2094824914781531,1.0,3227,0.18598615916955016,0.2722,1156,0.13139138518748064,0.12418300653594772,0.1863,1224,0.12643321970870777,0.3170731707317073,0.344,697,0.1822125813449024,0.5866666666666667,0.0899,150,0.5599628137589092,0.2231,0.0487,0.5867,0.5587,0.20012626262626262,1584.0,0.19383259911894274,1362.0,0.2598870056497175,177.0,0.47115384615384615,104.0,0.1806036615536863,2021.0,0.3103953147877013,683.0,0.18929254302103252,523.0,,,,,,
T20260718-110608,EgoOwn_Single,single,v2-2026-07-04,0,human_label,90a5257,2026-07-18T11:14:32+00:00,EgoSweep_Claude/T20260718-110608/EgoSweep_Claude_EgoOwn_Single_score.json,0.347179169249845,1.0,3226,0.45021645021645024,0.4842,1155,0.3078115313081215,0.11683006535947713,0.1827,1224,0.10570365778053317,0.6169296987087518,0.3941,697,0.4603223806571606,0.18,0.0969,150,0.12616243025418475,0.2895,0.0663,0.18,0.1235,0.3888888888888889,1584.0,0.3071271124173402,1361.0,0.3502824858757062,177.0,0.23076923076923078,104.0,0.28896585848589806,2021.0,0.4128843338213763,683.0,0.48659003831417624,522.0,,,,,,
T20260718-110608,EgoOwn,sparse,v2-2026-07-04,0,human_label,90a5257,2026-07-18T11:24:52+00:00,EgoSweep_Claude/T20260718-110608/EgoSweep_Claude_EgoOwn_score.json,0.3653548187170747,1.0,3227,0.44982698961937717,0.4858,1156,0.30523706228695385,0.14133986928104575,0.2186,1224,0.11124883792996591,0.6628407460545194,0.4145,697,0.47474434459250076,0.16,0.0958,150,0.10876975519057949,0.3037,0.0684,0.16,0.1063,0.40214646464646464,1584.0,0.32819383259911894,1362.0,0.4293785310734463,177.0,0.18269230769230768,104.0,0.31964374072241464,2021.0,0.465592972181552,683.0,0.4110898661567878,523.0,,,,,,
T20260718-122432,EgoOwn_Blind,blind,v2-2026-07-04,0,human_label,90a5257,2026-07-18T12:25:19+00:00,EgoSweep_Claude/T20260718-122432/EgoSweep_Claude_EgoOwn_Blind_score.json,0.2094824914781531,1.0,3227,0.18598615916955016,0.2722,1156,0.13139138518748064,0.12418300653594772,0.1863,1224,0.12643321970870777,0.3170731707317073,0.344,697,0.1822125813449024,0.5866666666666667,0.0899,150,0.5599628137589092,0.2231,0.0487,0.5867,0.5587,0.20012626262626262,1584.0,0.19383259911894274,1362.0,0.2598870056497175,177.0,0.47115384615384615,104.0,0.1806036615536863,2021.0,0.3103953147877013,683.0,0.18929254302103252,523.0,,,,,,
T20260718-122432,EgoOwn_Single,single,v2-2026-07-04,0,human_label,90a5257,2026-07-18T12:24:45+00:00,EgoSweep_Claude/T20260718-122432/EgoSweep_Claude_EgoOwn_Single_score.json,0.347179169249845,1.0,3226,0.45021645021645024,0.4842,1155,0.3078115313081215,0.11683006535947713,0.1827,1224,0.10570365778053317,0.6169296987087518,0.3941,697,0.4603223806571606,0.18,0.0969,150,0.12616243025418475,0.2895,0.0663,0.18,0.1235,0.3888888888888889,1584.0,0.3071271124173402,1361.0,0.3502824858757062,177.0,0.23076923076923078,104.0,0.28896585848589806,2021.0,0.4128843338213763,683.0,0.48659003831417624,522.0,,,,,,
T20260718-122432,EgoOwn,sparse,v2-2026-07-04,0,human_label,90a5257,2026-07-18T12:25:04+00:00,EgoSweep_Claude/T20260718-122432/EgoSweep_Claude_EgoOwn_score.json,0.3653548187170747,1.0,3227,0.44982698961937717,0.4858,1156,0.30523706228695385,0.14133986928104575,0.2186,1224,0.11124883792996591,0.6628407460545194,0.4145,697,0.47474434459250076,0.16,0.0958,150,0.10876975519057949,0.3037,0.0684,0.16,0.1063,0.40214646464646464,1584.0,0.32819383259911894,1362.0,0.4293785310734463,177.0,0.18269230769230768,104.0,0.31964374072241464,2021.0,0.465592972181552,683.0,0.4110898661567878,523.0,,,,,,
T20260719-002546,EgoOwn_Blind,blind,v2-2026-07-04,0,human_label,90a5257,2026-07-19T00:27:12+00:00,EgoSweep_Claude/T20260719-002546/EgoSweep_Claude_EgoOwn_Blind_score.json,0.2094824914781531,1.0,3227,0.18598615916955016,0.2722,1156,0.13139138518748064,0.12418300653594772,0.1863,1224,0.12643321970870777,0.3170731707317073,0.344,697,0.1822125813449024,0.5866666666666667,0.0899,150,0.5599628137589092,0.2231,0.0487,0.5867,0.5587,0.20012626262626262,1584.0,0.19383259911894274,1362.0,0.2598870056497175,177.0,0.47115384615384615,104.0,0.1806036615536863,2021.0,0.3103953147877013,683.0,0.18929254302103252,523.0,,,,,,
T20260719-002546,EgoOwn_Single,single,v2-2026-07-04,0,human_label,90a5257,2026-07-19T00:26:11+00:00,EgoSweep_Claude/T20260719-002546/EgoSweep_Claude_EgoOwn_Single_score.json,0.347179169249845,1.0,3226,0.45021645021645024,0.4842,1155,0.3078115313081215,0.11683006535947713,0.1827,1224,0.10570365778053317,0.6169296987087518,0.3941,697,0.4603223806571606,0.18,0.0969,150,0.12616243025418475,0.2895,0.0663,0.18,0.1235,0.3888888888888889,1584.0,0.3071271124173402,1361.0,0.3502824858757062,177.0,0.23076923076923078,104.0,0.28896585848589806,2021.0,0.4128843338213763,683.0,0.48659003831417624,522.0,,,,,,
T20260719-002546,EgoOwn,sparse,v2-2026-07-04,0,human_label,90a5257,2026-07-19T00:26:45+00:00,EgoSweep_Claude/T20260719-002546/EgoSweep_Claude_EgoOwn_score.json,0.3653548187170747,1.0,3227,0.44982698961937717,0.4858,1156,0.30523706228695385,0.14133986928104575,0.2186,1224,0.11124883792996591,0.6628407460545194,0.4145,697,0.47474434459250076,0.16,0.0958,150,0.10876975519057949,0.3037,0.0684,0.16,0.1063,0.40214646464646464,1584.0,0.32819383259911894,1362.0,0.4293785310734463,177.0,0.18269230769230768,104.0,0.31964374072241464,2021.0,0.465592972181552,683.0,0.4110898661567878,523.0,,,,,,
EgoSweep_GPT,EgoOwn_Blind,blind,v2-2026-07-04,0,human_label,90a5257,2026-07-19T00:24:41+00:00,EgoSweep_GPT/EgoSweep_GPT_EgoOwn_Blind_score.json,0.28726371242640225,1.0,3227,0.3546712802768166,0.4707,1156,0.18159281066005578,0.12009803921568628,0.198,1224,0.08088007437248218,0.4146341463414634,0.4961,697,0.145026340254106,0.54,0.0786,150,0.592500774713356,0.3109,0.0424,0.54,0.5951,0.29987373737373735,1584.0,0.24522760646108663,1362.0,0.4293785310734463,177.0,0.40384615384615385,104.0,0.22018802572983673,2021.0,0.5051244509516838,683.0,0.26195028680688337,523.0,,,,,,
EgoSweep_GPT,EgoOwn_Method,sparse,v2-2026-07-04+evidence_cot-v1,0,human_label,492a050,2026-07-21T07:27:46+00:00,EgoSweep_GPT/EgoSweep_GPT_EgoOwn_Method_score.json,0.24945770065075923,1.0,3227,0.2820069204152249,0.3918,1156,0.1574217539510381,0.10294117647058823,0.1781,1224,0.05918810040285095,0.33428981348637016,0.424,697,0.12457390765416795,0.8,0.1054,150,0.658816237991943,0.2748,0.0564,0.8,0.6519,0.2569444444444444,1584.0,0.22026431718061673,1362.0,0.2542372881355932,177.0,0.5096153846153846,104.0,0.2102919346857991,2021.0,0.32650073206442165,683.0,0.30019120458891013,523.0,,,,,,
EgoSweep_GPT,EgoOwn_Single_Method,single,v2-2026-07-04+evidence_cot-v1,0,human_label,492a050,2026-07-21T07:37:21+00:00,EgoSweep_GPT/EgoSweep_GPT_EgoOwn_Single_Method_score.json,0.19745815251084936,1.0,3226,0.21558441558441557,0.3318,1155,0.10725356478611284,0.05718954248366013,0.1057,1224,0.030998140111593304,0.2783357245337159,0.3724,697,0.1069435833849969,0.8266666666666667,0.0959,150,0.754804711717297,0.2265,0.0509,0.8267,0.7513,0.20075757575757575,1584.0,0.16678912564290962,1361.0,0.1864406779661017,177.0,0.5673076923076923,104.0,0.16724393864423553,2021.0,0.30307467057101023,683.0,0.17624521072796934,522.0,,,,,,
EgoSweep_GPT,EgoOwn_Single,single,v2-2026-07-04,0,human_label,90a5257,2026-07-19T00:23:50+00:00,EgoSweep_GPT/EgoSweep_GPT_EgoOwn_Single_score.json,0.3549287042777433,1.0,3226,0.45194805194805193,0.522,1155,0.2619342839429634,0.09313725490196079,0.1622,1224,0.056416615003099815,0.667144906743185,0.5121,697,0.34686918784872905,0.29333333333333333,0.0715,150,0.33477991320520767,0.317,0.0407,0.2933,0.3368,0.3939393939393939,1584.0,0.31080088170462894,1361.0,0.4067796610169492,177.0,0.25,104.0,0.3082632360217714,2021.0,0.4084919472913616,683.0,0.46551724137931033,522.0,,,,,,
EgoSweep_GPT,EgoOwn,sparse,v2-2026-07-04,0,human_label,90a5257,2026-07-19T00:24:19+00:00,EgoSweep_GPT/EgoSweep_GPT_EgoOwn_score.json,0.4403470715835141,1.0,3227,0.5865051903114187,0.588,1156,0.3563681437867989,0.18790849673202614,0.291,1224,0.11062906724511931,0.6886657101865137,0.5234,697,0.3523396343352959,0.22,0.09,150,0.18066315463278587,0.3731,0.0566,0.22,0.1787,0.4797979797979798,1584.0,0.4104258443465492,1362.0,0.4406779661016949,177.0,0.23076923076923078,104.0,0.3701138050470064,2021.0,0.5095168374816984,683.0,0.621414913957935,523.0,,,,,,
T20260719-002324,EgoOwn_Blind,blind,v2-2026-07-04,0,human_label,90a5257,2026-07-19T00:24:41+00:00,EgoSweep_GPT/T20260719-002324/EgoSweep_GPT_EgoOwn_Blind_score.json,0.28726371242640225,1.0,3227,0.3546712802768166,0.4707,1156,0.18159281066005578,0.12009803921568628,0.198,1224,0.08088007437248218,0.4146341463414634,0.4961,697,0.145026340254106,0.54,0.0786,150,0.592500774713356,0.3109,0.0424,0.54,0.5951,0.29987373737373735,1584.0,0.24522760646108663,1362.0,0.4293785310734463,177.0,0.40384615384615385,104.0,0.22018802572983673,2021.0,0.5051244509516838,683.0,0.26195028680688337,523.0,,,,,,
T20260719-002324,EgoOwn_Single,single,v2-2026-07-04,0,human_label,90a5257,2026-07-19T00:23:50+00:00,EgoSweep_GPT/T20260719-002324/EgoSweep_GPT_EgoOwn_Single_score.json,0.3549287042777433,1.0,3226,0.45194805194805193,0.522,1155,0.2619342839429634,0.09313725490196079,0.1622,1224,0.056416615003099815,0.667144906743185,0.5121,697,0.34686918784872905,0.29333333333333333,0.0715,150,0.33477991320520767,0.317,0.0407,0.2933,0.3368,0.3939393939393939,1584.0,0.31080088170462894,1361.0,0.4067796610169492,177.0,0.25,104.0,0.3082632360217714,2021.0,0.4084919472913616,683.0,0.46551724137931033,522.0,,,,,,
T20260719-002324,EgoOwn,sparse,v2-2026-07-04,0,human_label,90a5257,2026-07-19T00:24:19+00:00,EgoSweep_GPT/T20260719-002324/EgoSweep_GPT_EgoOwn_score.json,0.4403470715835141,1.0,3227,0.5865051903114187,0.588,1156,0.3563681437867989,0.18790849673202614,0.291,1224,0.11062906724511931,0.6886657101865137,0.5234,697,0.3523396343352959,0.22,0.09,150,0.18066315463278587,0.3731,0.0566,0.22,0.1787,0.4797979797979798,1584.0,0.4104258443465492,1362.0,0.4406779661016949,177.0,0.23076923076923078,104.0,0.3701138050470064,2021.0,0.5095168374816984,683.0,0.621414913957935,523.0,,,,,,
T20260721-071513,EgoOwn_Method,sparse,v2-2026-07-04+evidence_cot-v1,0,human_label,492a050,2026-07-21T07:27:46+00:00,EgoSweep_GPT/T20260721-071513/EgoSweep_GPT_EgoOwn_Method_score.json,0.24945770065075923,1.0,3227,0.2820069204152249,0.3918,1156,0.1574217539510381,0.10294117647058823,0.1781,1224,0.05918810040285095,0.33428981348637016,0.424,697,0.12457390765416795,0.8,0.1054,150,0.658816237991943,0.2748,0.0564,0.8,0.6519,0.2569444444444444,1584.0,0.22026431718061673,1362.0,0.2542372881355932,177.0,0.5096153846153846,104.0,0.2102919346857991,2021.0,0.32650073206442165,683.0,0.30019120458891013,523.0,,,,,,
T20260721-071513,EgoOwn_Single_Method,single,v2-2026-07-04+evidence_cot-v1,0,human_label,492a050,2026-07-21T07:37:21+00:00,EgoSweep_GPT/T20260721-071513/EgoSweep_GPT_EgoOwn_Single_Method_score.json,0.19745815251084936,1.0,3226,0.21558441558441557,0.3318,1155,0.10725356478611284,0.05718954248366013,0.1057,1224,0.030998140111593304,0.2783357245337159,0.3724,697,0.1069435833849969,0.8266666666666667,0.0959,150,0.754804711717297,0.2265,0.0509,0.8267,0.7513,0.20075757575757575,1584.0,0.16678912564290962,1361.0,0.1864406779661017,177.0,0.5673076923076923,104.0,0.16724393864423553,2021.0,0.30307467057101023,683.0,0.17624521072796934,522.0,,,,,,
EgoSweep_Gemini,EgoOwn_Blind,blind,v2-2026-07-04,0,human_label,90a5257,2026-07-19T00:29:27+00:00,EgoSweep_Gemini/EgoSweep_Gemini_EgoOwn_Blind_score.json,0.26340254105980787,1.0,3227,0.157439446366782,0.2647,1156,0.06786488999070343,0.16666666666666666,0.2548,1224,0.11682677409358537,0.5423242467718795,0.4828,697,0.26929036256585065,0.5733333333333334,0.09,150,0.5460179733498606,0.2731,0.0488,0.5733,0.5447,0.25441919191919193,1584.0,0.23861967694566813,1362.0,0.3672316384180791,177.0,0.5480769230769231,104.0,0.2582879762493815,2021.0,0.363103953147877,683.0,0.15296367112810708,523.0,,,,,,
EgoSweep_Gemini,EgoOwn_Single,single,v2-2026-07-04,0,human_label,90a5257,2026-07-19T00:28:36+00:00,EgoSweep_Gemini/EgoSweep_Gemini_EgoOwn_Single_score.json,0.43955362678239307,1.0,3226,0.4597402597402597,0.4956,1155,0.30626162430254183,0.31699346405228757,0.4412,1224,0.16584004959702417,0.7101865136298422,0.4359,697,0.4879107253564786,0.02666666666666667,0.0287,150,0.03998760074395536,0.3503,0.031,0.0267,0.0406,0.45896464646464646,1584.0,0.4357090374724467,1361.0,0.4632768361581921,177.0,0.15384615384615385,104.0,0.4438396833250866,2021.0,0.5973645680819912,683.0,0.2164750957854406,522.0,,,,,,
EgoSweep_Gemini,EgoOwn,sparse,v2-2026-07-04,0,human_label,90a5257,2026-07-19T00:29:03+00:00,EgoSweep_Gemini/EgoSweep_Gemini_EgoOwn_score.json,0.4632785869228386,0.9996901146575767,3227,0.5346020761245674,0.5332,1156,0.3600867678958785,0.3047385620915033,0.432,1224,0.1558723272389216,0.7101865136298422,0.4575,697,0.45460179733498607,0.06,0.0738,150,0.02912922218779052,0.3741,0.0957,0.06,0.0276,0.4842171717171717,1584.0,0.4544787077826725,1362.0,0.4971751412429379,177.0,0.20192307692307693,104.0,0.4383968332508659,2021.0,0.6486090775988287,683.0,0.3173996175908222,523.0,,,,,,
T20260718-101826,EgoOwn_Blind,blind,v2-2026-07-04,0,human_label,90a5257,2026-07-18T12:09:44+00:00,EgoSweep_Gemini/T20260718-101826/EgoSweep_Gemini_EgoOwn_Blind_score.json,0.26340254105980787,1.0,3227,0.157439446366782,0.2647,1156,0.06786488999070343,0.16666666666666666,0.2548,1224,0.11682677409358537,0.5423242467718795,0.4828,697,0.26929036256585065,0.5733333333333334,0.09,150,0.5460179733498606,0.2731,0.0488,0.5733,0.5447,0.25441919191919193,1584.0,0.23861967694566813,1362.0,0.3672316384180791,177.0,0.5480769230769231,104.0,0.2582879762493815,2021.0,0.363103953147877,683.0,0.15296367112810708,523.0,,,,,,
T20260718-101826,EgoOwn_Single,single,v2-2026-07-04,0,human_label,90a5257,2026-07-18T10:55:16+00:00,EgoSweep_Gemini/T20260718-101826/EgoSweep_Gemini_EgoOwn_Single_score.json,0.43955362678239307,1.0,3226,0.4597402597402597,0.4956,1155,0.30626162430254183,0.31699346405228757,0.4412,1224,0.16584004959702417,0.7101865136298422,0.4359,697,0.4879107253564786,0.02666666666666667,0.0287,150,0.03998760074395536,0.3503,0.031,0.0267,0.0406,0.45896464646464646,1584.0,0.4357090374724467,1361.0,0.4632768361581921,177.0,0.15384615384615385,104.0,0.4438396833250866,2021.0,0.5973645680819912,683.0,0.2164750957854406,522.0,,,,,,
T20260718-101826,EgoOwn,sparse,v2-2026-07-04,0,human_label,90a5257,2026-07-18T11:34:57+00:00,EgoSweep_Gemini/T20260718-101826/EgoSweep_Gemini_EgoOwn_score.json,0.4632785869228386,0.9996901146575767,3227,0.5346020761245674,0.5332,1156,0.3600867678958785,0.3047385620915033,0.432,1224,0.1558723272389216,0.7101865136298422,0.4575,697,0.45460179733498607,0.06,0.0738,150,0.02912922218779052,0.3741,0.0957,0.06,0.0276,0.4842171717171717,1584.0,0.4544787077826725,1362.0,0.4971751412429379,177.0,0.20192307692307693,104.0,0.4383968332508659,2021.0,0.6486090775988287,683.0,0.3173996175908222,523.0,,,,,,
T20260718-122558,EgoOwn_Blind,blind,v2-2026-07-04,0,human_label,90a5257,2026-07-18T12:26:39+00:00,EgoSweep_Gemini/T20260718-122558/EgoSweep_Gemini_EgoOwn_Blind_score.json,0.26340254105980787,1.0,3227,0.157439446366782,0.2647,1156,0.06786488999070343,0.16666666666666666,0.2548,1224,0.11682677409358537,0.5423242467718795,0.4828,697,0.26929036256585065,0.5733333333333334,0.09,150,0.5460179733498606,0.2731,0.0488,0.5733,0.5447,0.25441919191919193,1584.0,0.23861967694566813,1362.0,0.3672316384180791,177.0,0.5480769230769231,104.0,0.2582879762493815,2021.0,0.363103953147877,683.0,0.15296367112810708,523.0,,,,,,
T20260718-122558,EgoOwn_Single,single,v2-2026-07-04,0,human_label,90a5257,2026-07-18T12:26:10+00:00,EgoSweep_Gemini/T20260718-122558/EgoSweep_Gemini_EgoOwn_Single_score.json,0.43955362678239307,1.0,3226,0.4597402597402597,0.4956,1155,0.30626162430254183,0.31699346405228757,0.4412,1224,0.16584004959702417,0.7101865136298422,0.4359,697,0.4879107253564786,0.02666666666666667,0.0287,150,0.03998760074395536,0.3503,0.031,0.0267,0.0406,0.45896464646464646,1584.0,0.4357090374724467,1361.0,0.4632768361581921,177.0,0.15384615384615385,104.0,0.4438396833250866,2021.0,0.5973645680819912,683.0,0.2164750957854406,522.0,,,,,,
T20260718-122558,EgoOwn,sparse,v2-2026-07-04,0,human_label,90a5257,2026-07-18T12:26:26+00:00,EgoSweep_Gemini/T20260718-122558/EgoSweep_Gemini_EgoOwn_score.json,0.4632785869228386,0.9996901146575767,3227,0.5346020761245674,0.5332,1156,0.3600867678958785,0.3047385620915033,0.432,1224,0.1558723272389216,0.7101865136298422,0.4575,697,0.45460179733498607,0.06,0.0738,150,0.02912922218779052,0.3741,0.0957,0.06,0.0276,0.4842171717171717,1584.0,0.4544787077826725,1362.0,0.4971751412429379,177.0,0.20192307692307693,104.0,0.4383968332508659,2021.0,0.6486090775988287,683.0,0.3173996175908222,523.0,,,,,,
T20260719-002815,EgoOwn_Blind,blind,v2-2026-07-04,0,human_label,90a5257,2026-07-19T00:29:27+00:00,EgoSweep_Gemini/T20260719-002815/EgoSweep_Gemini_EgoOwn_Blind_score.json,0.26340254105980787,1.0,3227,0.157439446366782,0.2647,1156,0.06786488999070343,0.16666666666666666,0.2548,1224,0.11682677409358537,0.5423242467718795,0.4828,697,0.26929036256585065,0.5733333333333334,0.09,150,0.5460179733498606,0.2731,0.0488,0.5733,0.5447,0.25441919191919193,1584.0,0.23861967694566813,1362.0,0.3672316384180791,177.0,0.5480769230769231,104.0,0.2582879762493815,2021.0,0.363103953147877,683.0,0.15296367112810708,523.0,,,,,,
T20260719-002815,EgoOwn_Single,single,v2-2026-07-04,0,human_label,90a5257,2026-07-19T00:28:36+00:00,EgoSweep_Gemini/T20260719-002815/EgoSweep_Gemini_EgoOwn_Single_score.json,0.43955362678239307,1.0,3226,0.4597402597402597,0.4956,1155,0.30626162430254183,0.31699346405228757,0.4412,1224,0.16584004959702417,0.7101865136298422,0.4359,697,0.4879107253564786,0.02666666666666667,0.0287,150,0.03998760074395536,0.3503,0.031,0.0267,0.0406,0.45896464646464646,1584.0,0.4357090374724467,1361.0,0.4632768361581921,177.0,0.15384615384615385,104.0,0.4438396833250866,2021.0,0.5973645680819912,683.0,0.2164750957854406,522.0,,,,,,
T20260719-002815,EgoOwn,sparse,v2-2026-07-04,0,human_label,90a5257,2026-07-19T00:29:03+00:00,EgoSweep_Gemini/T20260719-002815/EgoSweep_Gemini_EgoOwn_score.json,0.4632785869228386,0.9996901146575767,3227,0.5346020761245674,0.5332,1156,0.3600867678958785,0.3047385620915033,0.432,1224,0.1558723272389216,0.7101865136298422,0.4575,697,0.45460179733498607,0.06,0.0738,150,0.02912922218779052,0.3741,0.0957,0.06,0.0276,0.4842171717171717,1584.0,0.4544787077826725,1362.0,0.4971751412429379,177.0,0.20192307692307693,104.0,0.4383968332508659,2021.0,0.6486090775988287,683.0,0.3173996175908222,523.0,,,,,,
EgoSweep_Qwen72B,EgoOwn_Blind,blind,v2-2026-07-04,0,human_label,a571aa6,2026-07-19T17:23:47+00:00,EgoSweep_Qwen72B/EgoSweep_Qwen72B_EgoOwn_Blind_score.json,0.23613263092655717,1.0,3227,0.19550173010380623,0.3128,1156,0.08955686396033467,0.23937908496732027,0.3486,1224,0.14161760148744965,0.1750358680057389,0.2874,697,0.04710257204834211,0.8066666666666666,0.0976,150,0.7217229625038736,0.2616,0.052,0.8067,0.7176,0.21906565656565657,1584.0,0.2290748898678414,1362.0,0.3107344632768362,177.0,0.46153846153846156,104.0,0.21375556655121228,2021.0,0.35431918008784774,683.0,0.1682600382409178,523.0,Single≈Blind (Single acc 0.2412 vs Blind 0.2361; image under-utilized). Served via OpenRouter default routing (Nebius/Parasail). EXCLUDE from main table; see ISSUES.md 72B section.,True,,,,
EgoSweep_Qwen72B,EgoOwn_Single,single,v2-2026-07-04,0,human_label,a571aa6,2026-07-19T16:52:45+00:00,EgoSweep_Qwen72B/EgoSweep_Qwen72B_EgoOwn_Single_score.json,0.2411655300681959,0.9996900185988841,3226,0.21731601731601732,0.3264,1155,0.11872287662740236,0.0784313725490196,0.1425,1224,0.03812771233725976,0.48206599713055953,0.4313,697,0.26689398636081835,0.6333333333333333,0.0946,150,0.5759454432734036,0.2487,0.0511,0.6333,0.5731,0.25,1584.0,0.213078618662748,1361.0,0.24293785310734464,177.0,0.47115384615384615,104.0,0.23701138050470064,2021.0,0.3191800878477306,683.0,0.15517241379310345,522.0,Single≈Blind (Single acc 0.2412 vs Blind 0.2361; image under-utilized). Served via OpenRouter default routing (Nebius/Parasail). EXCLUDE from main table; see ISSUES.md 72B section.,True,,,,
EgoSweep_Qwen72B,EgoOwn,sparse,v2-2026-07-04,0,human_label,a571aa6,2026-07-19T17:22:14+00:00,EgoSweep_Qwen72B/EgoSweep_Qwen72B_EgoOwn_score.json,0.3504803222807561,1.0,3227,0.2422145328719723,0.347,1156,0.14192748682987294,0.3088235294117647,0.4362,1224,0.15773163929346143,0.5581061692969871,0.4978,697,0.26836070653858074,0.56,0.1088,150,0.4319801673380849,0.3474,0.0603,0.56,0.4257,0.3402777777777778,1584.0,0.34948604992657856,1362.0,0.3615819209039548,177.0,0.5,104.0,0.3839683325086591,2021.0,0.36749633967789164,683.0,0.1988527724665392,523.0,Single≈Blind (Single acc 0.2412 vs Blind 0.2361; image under-utilized). Served via OpenRouter default routing (Nebius/Parasail). EXCLUDE from main table; see ISSUES.md 72B section.,True,,,,
T20260719-163122,EgoOwn_Blind,blind,v2-2026-07-04,0,human_label,a571aa6,2026-07-19T17:23:47+00:00,EgoSweep_Qwen72B/T20260719-163122/EgoSweep_Qwen72B_EgoOwn_Blind_score.json,0.23613263092655717,1.0,3227,0.19550173010380623,0.3128,1156,0.08955686396033467,0.23937908496732027,0.3486,1224,0.14161760148744965,0.1750358680057389,0.2874,697,0.04710257204834211,0.8066666666666666,0.0976,150,0.7217229625038736,0.2616,0.052,0.8067,0.7176,0.21906565656565657,1584.0,0.2290748898678414,1362.0,0.3107344632768362,177.0,0.46153846153846156,104.0,0.21375556655121228,2021.0,0.35431918008784774,683.0,0.1682600382409178,523.0,Single≈Blind (Single acc 0.2412 vs Blind 0.2361; image under-utilized). Served via OpenRouter default routing (Nebius/Parasail). EXCLUDE from main table; see ISSUES.md 72B section.,True,,,,
T20260719-163122,EgoOwn_Single,single,v2-2026-07-04,0,human_label,a571aa6,2026-07-19T16:52:45+00:00,EgoSweep_Qwen72B/T20260719-163122/EgoSweep_Qwen72B_EgoOwn_Single_score.json,0.2411655300681959,0.9996900185988841,3226,0.21731601731601732,0.3264,1155,0.11872287662740236,0.0784313725490196,0.1425,1224,0.03812771233725976,0.48206599713055953,0.4313,697,0.26689398636081835,0.6333333333333333,0.0946,150,0.5759454432734036,0.2487,0.0511,0.6333,0.5731,0.25,1584.0,0.213078618662748,1361.0,0.24293785310734464,177.0,0.47115384615384615,104.0,0.23701138050470064,2021.0,0.3191800878477306,683.0,0.15517241379310345,522.0,Single≈Blind (Single acc 0.2412 vs Blind 0.2361; image under-utilized). Served via OpenRouter default routing (Nebius/Parasail). EXCLUDE from main table; see ISSUES.md 72B section.,True,,,,
T20260719-163122,EgoOwn,sparse,v2-2026-07-04,0,human_label,a571aa6,2026-07-19T17:22:14+00:00,EgoSweep_Qwen72B/T20260719-163122/EgoSweep_Qwen72B_EgoOwn_score.json,0.3504803222807561,1.0,3227,0.2422145328719723,0.347,1156,0.14192748682987294,0.3088235294117647,0.4362,1224,0.15773163929346143,0.5581061692969871,0.4978,697,0.26836070653858074,0.56,0.1088,150,0.4319801673380849,0.3474,0.0603,0.56,0.4257,0.3402777777777778,1584.0,0.34948604992657856,1362.0,0.3615819209039548,177.0,0.5,104.0,0.3839683325086591,2021.0,0.36749633967789164,683.0,0.1988527724665392,523.0,Single≈Blind (Single acc 0.2412 vs Blind 0.2361; image under-utilized). Served via OpenRouter default routing (Nebius/Parasail). EXCLUDE from main table; see ISSUES.md 72B section.,True,,,,
EgoSweep_Qwen72B_Local,EgoOwn_Blind,blind,v2-2026-07-04,0,human_label,492a050,2026-07-21T14:56:58+00:00,EgoSweep_Qwen72B_Local/EgoSweep_Qwen72B_Local_EgoOwn_Blind_score.json,0.2959405020142547,1.0,3227,0.2231833910034602,0.347,1156,0.10257204834211342,0.33251633986928103,0.44,1224,0.19398822435698793,0.24820659971305595,0.3781,697,0.06755500464828014,0.78,0.1063,150,0.6358847226526185,0.3179,0.057,0.78,0.6289,0.2708333333333333,1584.0,0.30323054331864907,1362.0,0.3615819209039548,177.0,0.47115384615384615,104.0,0.29143988124690745,2021.0,0.39092240117130306,683.0,0.18929254302103252,523.0,,,,,,
EgoSweep_Qwen72B_Local,EgoOwn_Single,single,v2-2026-07-04,0,human_label,492a050,2026-07-21T14:50:05+00:00,EgoSweep_Qwen72B_Local/EgoSweep_Qwen72B_Local_EgoOwn_Single_score.json,0.3180409175449473,1.0,3226,0.29264069264069265,0.4005,1155,0.1652200867947923,0.16013071895424835,0.2642,1224,0.08059516429014259,0.6083213773314203,0.453,697,0.3642281463112213,0.4533333333333333,0.0966,150,0.3899566026038438,0.3036,0.0541,0.4533,0.3869,0.32323232323232326,1584.0,0.29977957384276266,1361.0,0.3389830508474576,177.0,0.4423076923076923,104.0,0.31667491340920334,2021.0,0.39970717423133234,683.0,0.2164750957854406,522.0,,,,,,
EgoSweep_Qwen72B_Local,EgoOwn,sparse,v2-2026-07-04,0,human_label,492a050,2026-07-21T11:50:46+00:00,EgoSweep_Qwen72B_Local/EgoSweep_Qwen72B_Local_EgoOwn_score.json,0.4428261543229005,0.9993802293151534,3227,0.3365051903114187,0.4403,1156,0.18933994422063835,0.4665032679738562,0.5676,1224,0.24418964982956307,0.5868005738880918,0.4901,697,0.3012085528354509,0.4,0.1195,150,0.2646420824295011,0.4044,0.0703,0.4,0.258,0.42803030303030304,1584.0,0.4647577092511013,1362.0,0.3898305084745763,177.0,0.47115384615384615,104.0,0.47996041563582387,2021.0,0.45534407027818447,683.0,0.2829827915869981,523.0,,,,,,
EgoSweep_Qwen7B_Local,EgoOwn_Method,sparse,v2-2026-07-04+evidence_cot-v1,0,human_label,492a050,2026-07-22T00:53:56+00:00,EgoSweep_Qwen7B_Local/EgoSweep_Qwen7B_Local_EgoOwn_Method_score.json,0.40068174775333126,0.9993802293151534,3227,0.3633217993079585,0.4615,1156,0.20576386736907346,0.4011437908496732,0.4699,1224,0.26836070653858074,0.4935437589670014,0.3891,697,0.3318872017353579,0.25333333333333335,0.0982,150,0.1933684536721413,0.3547,0.0609,0.2533,0.1904,0.37815656565656564,1584.0,0.43832599118942733,1362.0,0.3954802259887006,177.0,0.25961538461538464,104.0,0.3958436417615042,2021.0,0.4670571010248902,683.0,0.3326959847036329,523.0,,,,,,
EgoSweep_Qwen7B_Local,EgoOwn_Single_Method,single,v2-2026-07-04+evidence_cot-v1,0,human_label,492a050,2026-07-22T01:49:28+00:00,EgoSweep_Qwen7B_Local/EgoSweep_Qwen7B_Local_EgoOwn_Single_Method_score.json,0.3434593924364538,1.0,3226,0.3497835497835498,0.4401,1155,0.2110973341599504,0.2181372549019608,0.323,1224,0.13298202107873527,0.5437589670014347,0.4142,697,0.3512089274643521,0.38666666666666666,0.1024,150,0.30471171729696217,0.3199,0.059,0.3867,0.3007,0.3453282828282828,1584.0,0.3475385745775165,1361.0,0.327683615819209,177.0,0.28846153846153844,104.0,0.3330034636318654,2021.0,0.43045387994143486,683.0,0.27011494252873564,522.0,,,,,,
T20260721-224733,EgoOwn_Method,sparse,v2-2026-07-04+evidence_cot-v1,0,human_label,492a050,2026-07-22T00:53:56+00:00,EgoSweep_Qwen7B_Local/T20260721-224733/EgoSweep_Qwen7B_Local_EgoOwn_Method_score.json,0.40068174775333126,0.9993802293151534,3227,0.3633217993079585,0.4615,1156,0.20576386736907346,0.4011437908496732,0.4699,1224,0.26836070653858074,0.4935437589670014,0.3891,697,0.3318872017353579,0.25333333333333335,0.0982,150,0.1933684536721413,0.3547,0.0609,0.2533,0.1904,0.37815656565656564,1584.0,0.43832599118942733,1362.0,0.3954802259887006,177.0,0.25961538461538464,104.0,0.3958436417615042,2021.0,0.4670571010248902,683.0,0.3326959847036329,523.0,,,,,,
T20260721-224733,EgoOwn_Single_Method,single,v2-2026-07-04+evidence_cot-v1,0,human_label,492a050,2026-07-22T01:49:28+00:00,EgoSweep_Qwen7B_Local/T20260721-224733/EgoSweep_Qwen7B_Local_EgoOwn_Single_Method_score.json,0.3434593924364538,1.0,3226,0.3497835497835498,0.4401,1155,0.2110973341599504,0.2181372549019608,0.323,1224,0.13298202107873527,0.5437589670014347,0.4142,697,0.3512089274643521,0.38666666666666666,0.1024,150,0.30471171729696217,0.3199,0.059,0.3867,0.3007,0.3453282828282828,1584.0,0.3475385745775165,1361.0,0.327683615819209,177.0,0.28846153846153844,104.0,0.3330034636318654,2021.0,0.43045387994143486,683.0,0.27011494252873564,522.0,,,,,,
EgoThinker-v1,EgoOwn_Blind,blind,v2-2026-07-04,0,human_label,492a050,2026-07-21T01:58:47+00:00,EgoThinker-v1/EgoThinker-v1_EgoOwn_Blind_score.json,0.4945770065075922,1.0,3227,0.29411764705882354,0.4304,1156,0.13139138518748064,0.9281045751633987,0.6318,1224,0.7350480322280756,0.16642754662840745,0.2166,697,0.11589711806631546,0.02666666666666667,0.0386,150,0.017663464518128294,0.3294,0.0702,0.0267,0.0172,0.4166666666666667,1584.0,0.6138032305433186,1362.0,0.480225988700565,177.0,0.14423076923076922,104.0,0.5789213260762,2021.0,0.4802342606149341,683.0,0.18738049713193117,523.0,,,,,,
EgoThinker-v1,EgoOwn_Single,single,v2-2026-07-04,0,human_label,492a050,2026-07-21T02:57:19+00:00,EgoThinker-v1/EgoThinker-v1_EgoOwn_Single_score.json,0.5061996280223187,1.0,3226,0.47186147186147187,0.555,1155,0.25077495350278983,0.6119281045751634,0.6053,1224,0.38778673279603226,0.47919655667144906,0.3713,697,0.3415995040297582,0.03333333333333333,0.0467,150,0.019838809671419714,0.3946,0.0781,0.0333,0.0192,0.48926767676767674,1584.0,0.56208670095518,1361.0,0.4124293785310734,177.0,0.19230769230769232,104.0,0.5239980207817911,2021.0,0.49194729136163984,683.0,0.4559386973180077,522.0,,,,,,
EgoThinker-v1,EgoOwn,sparse,v2-2026-07-04,0,human_label,492a050,2026-07-21T19:55:38+00:00,EgoThinker-v1/EgoThinker-v1_EgoOwn_score.json,0.544468546637744,1.0,3227,0.5051903114186851,0.5935,1156,0.25162689804772237,0.7761437908496732,0.6456,1224,0.5326929036256585,0.3199426111908178,0.3255,697,0.20855283545088318,0.0,0.0,150,0.007127362875735978,0.3912,0.0,0.0,0.0075,0.5056818181818182,1584.0,0.6270190895741556,1362.0,0.4915254237288136,177.0,0.14423076923076922,104.0,0.5517070757050965,2021.0,0.5109809663250366,683.0,0.5602294455066922,523.0,,,,,,
T20260721-013652,EgoOwn_Single,single,v2-2026-07-04,0,human_label,492a050,2026-07-21T02:57:19+00:00,EgoThinker-v1/T20260721-013652/EgoThinker-v1_EgoOwn_Single_score.json,0.5061996280223187,1.0,3226,0.47186147186147187,0.555,1155,0.25077495350278983,0.6119281045751634,0.6053,1224,0.38778673279603226,0.47919655667144906,0.3713,697,0.3415995040297582,0.03333333333333333,0.0467,150,0.019838809671419714,0.3946,0.0781,0.0333,0.0192,0.48926767676767674,1584.0,0.56208670095518,1361.0,0.4124293785310734,177.0,0.19230769230769232,104.0,0.5239980207817911,2021.0,0.49194729136163984,683.0,0.4559386973180077,522.0,,,,,,
T20260721-013653,EgoOwn_Blind,blind,v2-2026-07-04,0,human_label,492a050,2026-07-21T01:58:47+00:00,EgoThinker-v1/T20260721-013653/EgoThinker-v1_EgoOwn_Blind_score.json,0.4945770065075922,1.0,3227,0.29411764705882354,0.4304,1156,0.13139138518748064,0.9281045751633987,0.6318,1224,0.7350480322280756,0.16642754662840745,0.2166,697,0.11589711806631546,0.02666666666666667,0.0386,150,0.017663464518128294,0.3294,0.0702,0.0267,0.0172,0.4166666666666667,1584.0,0.6138032305433186,1362.0,0.480225988700565,177.0,0.14423076923076922,104.0,0.5789213260762,2021.0,0.4802342606149341,683.0,0.18738049713193117,523.0,,,,,,
T20260721-145841,EgoOwn,sparse,v2-2026-07-04,0,human_label,492a050,2026-07-21T19:55:38+00:00,EgoThinker-v1/T20260721-145841/EgoThinker-v1_EgoOwn_score.json,0.544468546637744,1.0,3227,0.5051903114186851,0.5935,1156,0.25162689804772237,0.7761437908496732,0.6456,1224,0.5326929036256585,0.3199426111908178,0.3255,697,0.20855283545088318,0.0,0.0,150,0.007127362875735978,0.3912,0.0,0.0,0.0075,0.5056818181818182,1584.0,0.6270190895741556,1362.0,0.4915254237288136,177.0,0.14423076923076922,104.0,0.5517070757050965,2021.0,0.5109809663250366,683.0,0.5602294455066922,523.0,,,,,,
Qwen2.5-Omni-3B,EgoOwn_Blind,blind,v2-2026-07-04,0,human_label,492a050,2026-07-20T21:20:36+00:00,Qwen2.5-Omni-3B/Qwen2.5-Omni-3B_EgoOwn_Blind_score.json,0.36969321351100093,1.0,3227,0.7024221453287197,0.4829,1156,0.6839169507282306,0.2549019607843137,0.3216,1224,0.2218779051750852,0.09325681492109039,0.1366,697,0.07902076231794236,0.02666666666666667,0.0402,150,0.015184381778741865,0.2453,0.0816,0.0267,0.0146,0.3977272727272727,1584.0,0.3604992657856094,1362.0,0.3559322033898305,177.0,0.08653846153846154,104.0,0.26917367639782286,2021.0,0.5285505124450952,683.0,0.5506692160611855,523.0,,,,,,
Qwen2.5-Omni-3B,EgoOwn_Single,single,v2-2026-07-04,0,human_label,492a050,2026-07-20T16:18:15+00:00,Qwen2.5-Omni-3B/Qwen2.5-Omni-3B_EgoOwn_Single_score.json,0.5158090514569126,1.0,3226,0.7991341991341991,0.6228,1155,0.5607563546187229,0.5702614379084967,0.5535,1224,0.4023558586484811,0.06169296987087518,0.1059,697,0.0356478611283323,0.0,0.0,150,0.0012399256044637321,0.3206,0.0,0.0,0.0013,0.5429292929292929,1584.0,0.526818515797208,1361.0,0.4350282485875706,177.0,0.09615384615384616,104.0,0.44730331519049976,2021.0,0.5841874084919473,683.0,0.6915708812260536,522.0,,,,,,
Qwen2.5-Omni-3B,EgoOwn,sparse,v2-2026-07-04,0,human_label,492a050,2026-07-20T21:09:19+00:00,Qwen2.5-Omni-3B/Qwen2.5-Omni-3B_EgoOwn_score.json,0.5230864580105361,1.0,3227,0.8295847750865052,0.6413,1156,0.5686396033467617,0.5155228758169934,0.5318,1224,0.3560582584443756,0.1406025824964132,0.2085,697,0.07530213820886272,0.0,0.0,150,0.0,0.3454,,0.0,0.0,0.5606060606060606,1584.0,0.5168869309838473,1362.0,0.4915254237288136,177.0,0.08653846153846154,104.0,0.437902028698664,2021.0,0.6105417276720352,683.0,0.7380497131931166,523.0,,,,,,
T20260720-143643,EgoOwn_Blind,blind,v2-2026-07-04,0,human_label,492a050,2026-07-20T21:20:36+00:00,Qwen2.5-Omni-3B/T20260720-143643/Qwen2.5-Omni-3B_EgoOwn_Blind_score.json,0.36969321351100093,1.0,3227,0.7024221453287197,0.4829,1156,0.6839169507282306,0.2549019607843137,0.3216,1224,0.2218779051750852,0.09325681492109039,0.1366,697,0.07902076231794236,0.02666666666666667,0.0402,150,0.015184381778741865,0.2453,0.0816,0.0267,0.0146,0.3977272727272727,1584.0,0.3604992657856094,1362.0,0.3559322033898305,177.0,0.08653846153846154,104.0,0.26917367639782286,2021.0,0.5285505124450952,683.0,0.5506692160611855,523.0,,,,,,
T20260720-143643,EgoOwn_Single,single,v2-2026-07-04,0,human_label,492a050,2026-07-20T16:18:15+00:00,Qwen2.5-Omni-3B/T20260720-143643/Qwen2.5-Omni-3B_EgoOwn_Single_score.json,0.5158090514569126,1.0,3226,0.7991341991341991,0.6228,1155,0.5607563546187229,0.5702614379084967,0.5535,1224,0.4023558586484811,0.06169296987087518,0.1059,697,0.0356478611283323,0.0,0.0,150,0.0012399256044637321,0.3206,0.0,0.0,0.0013,0.5429292929292929,1584.0,0.526818515797208,1361.0,0.4350282485875706,177.0,0.09615384615384616,104.0,0.44730331519049976,2021.0,0.5841874084919473,683.0,0.6915708812260536,522.0,,,,,,
T20260720-143643,EgoOwn,sparse,v2-2026-07-04,0,human_label,492a050,2026-07-20T21:09:19+00:00,Qwen2.5-Omni-3B/T20260720-143643/Qwen2.5-Omni-3B_EgoOwn_score.json,0.5230864580105361,1.0,3227,0.8295847750865052,0.6413,1156,0.5686396033467617,0.5155228758169934,0.5318,1224,0.3560582584443756,0.1406025824964132,0.2085,697,0.07530213820886272,0.0,0.0,150,0.0,0.3454,,0.0,0.0,0.5606060606060606,1584.0,0.5168869309838473,1362.0,0.4915254237288136,177.0,0.08653846153846154,104.0,0.437902028698664,2021.0,0.6105417276720352,683.0,0.7380497131931166,523.0,,,,,,
Qwen2.5-Omni-7B,EgoOwn_Blind,blind,v2-2026-07-04,0,human_label,90a5257,2026-07-19T09:36:09+00:00,Qwen2.5-Omni-7B/Qwen2.5-Omni-7B_EgoOwn_Blind_score.json,0.3594669972110319,1.0,3227,0.08131487889273356,0.1473,1156,0.03718624109079641,0.6674836601307189,0.5988,1224,0.46637744034707157,0.24964131994261118,0.2829,697,0.1651688875116207,0.5,0.1231,150,0.3312674310505113,0.288,0.0702,0.5,0.323,0.30303030303030304,1584.0,0.43245227606461084,1362.0,0.2937853107344633,177.0,0.375,104.0,0.45818901533894113,2021.0,0.2108345534407028,683.0,0.17208413001912046,523.0,,,,,,
Qwen2.5-Omni-7B,EgoOwn_Single,single,v2-2026-07-04,0,human_label,90a5257,2026-07-19T03:03:40+00:00,Qwen2.5-Omni-7B/Qwen2.5-Omni-7B_EgoOwn_Single_score.json,0.4274643521388717,1.0,3226,0.22424242424242424,0.346,1155,0.1060136391816491,0.5580065359477124,0.5591,1224,0.3778673279603224,0.6212338593974175,0.3931,697,0.46683199008059517,0.02666666666666667,0.0259,150,0.04928704277743336,0.331,0.0252,0.0267,0.0504,0.3851010101010101,1584.0,0.5011021307861866,1361.0,0.3898305084745763,177.0,0.17307692307692307,104.0,0.5037110341415141,2021.0,0.2635431918008785,683.0,0.34674329501915707,522.0,,,,,,
Qwen2.5-Omni-7B,EgoOwn,sparse,v2-2026-07-04,0,human_label,90a5257,2026-07-19T09:25:35+00:00,Qwen2.5-Omni-7B/Qwen2.5-Omni-7B_EgoOwn_score.json,0.4769135419894639,1.0,3227,0.30103806228373703,0.4334,1156,0.13944840409048653,0.6584967320261438,0.5975,1224,0.45677099473194915,0.5466284074605452,0.396,697,0.38022931515339325,0.02666666666666667,0.0354,150,0.023551286024171055,0.3656,0.0526,0.0267,0.0234,0.45454545454545453,1584.0,0.5337738619676946,1362.0,0.4293785310734463,177.0,0.15384615384615385,104.0,0.5378525482434439,2021.0,0.30600292825768666,683.0,0.4646271510516252,523.0,,,,,,
T20260719-003430,EgoOwn_Blind,blind,v2-2026-07-04,0,human_label,90a5257,2026-07-19T09:36:09+00:00,Qwen2.5-Omni-7B/T20260719-003430/Qwen2.5-Omni-7B_EgoOwn_Blind_score.json,0.3594669972110319,1.0,3227,0.08131487889273356,0.1473,1156,0.03718624109079641,0.6674836601307189,0.5988,1224,0.46637744034707157,0.24964131994261118,0.2829,697,0.1651688875116207,0.5,0.1231,150,0.3312674310505113,0.288,0.0702,0.5,0.323,0.30303030303030304,1584.0,0.43245227606461084,1362.0,0.2937853107344633,177.0,0.375,104.0,0.45818901533894113,2021.0,0.2108345534407028,683.0,0.17208413001912046,523.0,,,,,,
T20260719-003430,EgoOwn_Single,single,v2-2026-07-04,0,human_label,90a5257,2026-07-19T03:03:40+00:00,Qwen2.5-Omni-7B/T20260719-003430/Qwen2.5-Omni-7B_EgoOwn_Single_score.json,0.4274643521388717,1.0,3226,0.22424242424242424,0.346,1155,0.1060136391816491,0.5580065359477124,0.5591,1224,0.3778673279603224,0.6212338593974175,0.3931,697,0.46683199008059517,0.02666666666666667,0.0259,150,0.04928704277743336,0.331,0.0252,0.0267,0.0504,0.3851010101010101,1584.0,0.5011021307861866,1361.0,0.3898305084745763,177.0,0.17307692307692307,104.0,0.5037110341415141,2021.0,0.2635431918008785,683.0,0.34674329501915707,522.0,,,,,,
T20260719-003430,EgoOwn,sparse,v2-2026-07-04,0,human_label,90a5257,2026-07-19T09:25:35+00:00,Qwen2.5-Omni-7B/T20260719-003430/Qwen2.5-Omni-7B_EgoOwn_score.json,0.4769135419894639,1.0,3227,0.30103806228373703,0.4334,1156,0.13944840409048653,0.6584967320261438,0.5975,1224,0.45677099473194915,0.5466284074605452,0.396,697,0.38022931515339325,0.02666666666666667,0.0354,150,0.023551286024171055,0.3656,0.0526,0.0267,0.0234,0.45454545454545453,1584.0,0.5337738619676946,1362.0,0.4293785310734463,177.0,0.15384615384615385,104.0,0.5378525482434439,2021.0,0.30600292825768666,683.0,0.4646271510516252,523.0,,,,,,
Qwen2.5-VL-32B-Instruct,EgoOwn_Blind,blind,v2-2026-07-04,0,human_label,492a050,2026-07-20T14:35:38+00:00,Qwen2.5-VL-32B-Instruct/Qwen2.5-VL-32B-Instruct_EgoOwn_Blind_score.json,0.19925627517818406,1.0,3227,0.09948096885813149,0.1737,1156,0.052060737527114966,0.25735294117647056,0.3598,1224,0.16330957545708089,0.12482065997130559,0.2151,697,0.03470715835140998,0.84,0.0981,150,0.7499225286643941,0.2117,0.0521,0.84,0.7455,0.18118686868686867,1584.0,0.19676945668135096,1362.0,0.1807909604519774,177.0,0.5384615384615384,104.0,0.2132607619990104,2021.0,0.1800878477306003,683.0,0.1701720841300191,523.0,,,,,,
Qwen2.5-VL-32B-Instruct,EgoOwn_Single,single,v2-2026-07-04,0,human_label,1929af9,2026-07-20T04:19:34+00:00,Qwen2.5-VL-32B-Instruct/Qwen2.5-VL-32B-Instruct_EgoOwn_Single_score.json,0.42901425914445135,1.0,3226,0.6303030303030303,0.6118,1155,0.379727216367018,0.32598039215686275,0.4547,1224,0.16460012399256044,0.28694404591104733,0.337,697,0.15189088654680719,0.38,0.1009,150,0.30378177309361437,0.3761,0.0582,0.38,0.3001,0.44507575757575757,1584.0,0.42689199118295373,1361.0,0.3220338983050847,177.0,0.3942307692307692,104.0,0.351311232063335,2021.0,0.5051244509516838,683.0,0.6302681992337165,522.0,,,,,,
Qwen2.5-VL-32B-Instruct,EgoOwn,sparse,v2-2026-07-04,0,human_label,492a050,2026-07-20T14:00:31+00:00,Qwen2.5-VL-32B-Instruct/Qwen2.5-VL-32B-Instruct_EgoOwn_score.json,0.5416795785559343,1.0,3227,0.7378892733564014,0.6494,1156,0.45584133870467924,0.6209150326797386,0.6318,1224,0.3662844747443446,0.15781922525107603,0.2277,697,0.08335915711186861,0.16666666666666666,0.1099,150,0.09451502943910753,0.4047,0.082,0.1667,0.091,0.5359848484848485,1584.0,0.5822320117474302,1362.0,0.4632768361581921,177.0,0.23076923076923078,104.0,0.48243443839683325,2021.0,0.5768667642752562,683.0,0.7246653919694073,523.0,,,,,,
T20260720-004133,EgoOwn_Blind,blind,v2-2026-07-04,0,human_label,492a050,2026-07-20T14:35:38+00:00,Qwen2.5-VL-32B-Instruct/T20260720-004133/Qwen2.5-VL-32B-Instruct_EgoOwn_Blind_score.json,0.19925627517818406,1.0,3227,0.09948096885813149,0.1737,1156,0.052060737527114966,0.25735294117647056,0.3598,1224,0.16330957545708089,0.12482065997130559,0.2151,697,0.03470715835140998,0.84,0.0981,150,0.7499225286643941,0.2117,0.0521,0.84,0.7455,0.18118686868686867,1584.0,0.19676945668135096,1362.0,0.1807909604519774,177.0,0.5384615384615384,104.0,0.2132607619990104,2021.0,0.1800878477306003,683.0,0.1701720841300191,523.0,,,,,,
T20260720-004133,EgoOwn_Single,single,v2-2026-07-04,0,human_label,1929af9,2026-07-20T04:19:34+00:00,Qwen2.5-VL-32B-Instruct/T20260720-004133/Qwen2.5-VL-32B-Instruct_EgoOwn_Single_score.json,0.42901425914445135,1.0,3226,0.6303030303030303,0.6118,1155,0.379727216367018,0.32598039215686275,0.4547,1224,0.16460012399256044,0.28694404591104733,0.337,697,0.15189088654680719,0.38,0.1009,150,0.30378177309361437,0.3761,0.0582,0.38,0.3001,0.44507575757575757,1584.0,0.42689199118295373,1361.0,0.3220338983050847,177.0,0.3942307692307692,104.0,0.351311232063335,2021.0,0.5051244509516838,683.0,0.6302681992337165,522.0,,,,,,
T20260720-004133,EgoOwn,sparse,v2-2026-07-04,0,human_label,492a050,2026-07-20T14:00:31+00:00,Qwen2.5-VL-32B-Instruct/T20260720-004133/Qwen2.5-VL-32B-Instruct_EgoOwn_score.json,0.5416795785559343,1.0,3227,0.7378892733564014,0.6494,1156,0.45584133870467924,0.6209150326797386,0.6318,1224,0.3662844747443446,0.15781922525107603,0.2277,697,0.08335915711186861,0.16666666666666666,0.1099,150,0.09451502943910753,0.4047,0.082,0.1667,0.091,0.5359848484848485,1584.0,0.5822320117474302,1362.0,0.4632768361581921,177.0,0.23076923076923078,104.0,0.48243443839683325,2021.0,0.5768667642752562,683.0,0.7246653919694073,523.0,,,,,,
Qwen2.5-VL-3B-Instruct,EgoOwn_Blind,blind,v2-2026-07-04,0,human_label,a571aa6,2026-07-19T16:30:41+00:00,Qwen2.5-VL-3B-Instruct/Qwen2.5-VL-3B-Instruct_EgoOwn_Blind_score.json,0.33250697242020455,1.0,3227,0.7249134948096886,0.4861,1156,0.7102572048342113,0.0718954248366013,0.1298,1224,0.040904865199876045,0.17360114777618366,0.2398,697,0.09668422683607066,0.17333333333333334,0.0811,150,0.15215370312984197,0.2342,0.053,0.1733,0.1511,0.37247474747474746,1584.0,0.290014684287812,1362.0,0.3898305084745763,177.0,0.18269230769230768,104.0,0.19445818901533893,2021.0,0.5519765739385066,683.0,0.5793499043977055,523.0,,,,,,
Qwen2.5-VL-3B-Instruct,EgoOwn_Single,single,v2-2026-07-04,0,human_label,90a5257,2026-07-19T11:28:04+00:00,Qwen2.5-VL-3B-Instruct/Qwen2.5-VL-3B-Instruct_EgoOwn_Single_score.json,0.30254184748915064,1.0,3226,0.2805194805194805,0.3767,1155,0.17513949163050216,0.013071895424836602,0.0255,1224,0.008989460632362058,0.9096126255380201,0.3902,697,0.7913825170489771,0.013333333333333334,0.0175,150,0.024488530688158712,0.2025,0.0253,0.0133,0.025,0.3352272727272727,1584.0,0.26818515797207937,1361.0,0.3728813559322034,177.0,0.1346153846153846,104.0,0.29886194952993567,2021.0,0.32503660322108346,683.0,0.28735632183908044,522.0,,,,,,
Qwen2.5-VL-3B-Instruct,EgoOwn,sparse,v2-2026-07-04,0,human_label,a571aa6,2026-07-19T16:16:34+00:00,Qwen2.5-VL-3B-Instruct/Qwen2.5-VL-3B-Instruct_EgoOwn_score.json,0.33498605515959096,1.0,3227,0.379757785467128,0.4688,1156,0.22218779051750853,0.02287581699346405,0.0441,1224,0.014254725751471955,0.8809182209469153,0.3938,697,0.7502324140068175,0.0,0.0,150,0.013325069724202046,0.2267,0.0,0.0,0.014,0.3819444444444444,1584.0,0.2907488986784141,1362.0,0.3898305084745763,177.0,0.10576923076923077,104.0,0.293419099455715,2021.0,0.34992679355783307,683.0,0.47609942638623326,523.0,,,,,,
T20260719-094639,EgoOwn_Blind,blind,v2-2026-07-04,0,human_label,a571aa6,2026-07-19T16:30:41+00:00,Qwen2.5-VL-3B-Instruct/T20260719-094639/Qwen2.5-VL-3B-Instruct_EgoOwn_Blind_score.json,0.33250697242020455,1.0,3227,0.7249134948096886,0.4861,1156,0.7102572048342113,0.0718954248366013,0.1298,1224,0.040904865199876045,0.17360114777618366,0.2398,697,0.09668422683607066,0.17333333333333334,0.0811,150,0.15215370312984197,0.2342,0.053,0.1733,0.1511,0.37247474747474746,1584.0,0.290014684287812,1362.0,0.3898305084745763,177.0,0.18269230769230768,104.0,0.19445818901533893,2021.0,0.5519765739385066,683.0,0.5793499043977055,523.0,,,,,,
T20260719-094639,EgoOwn_Single,single,v2-2026-07-04,0,human_label,90a5257,2026-07-19T11:28:04+00:00,Qwen2.5-VL-3B-Instruct/T20260719-094639/Qwen2.5-VL-3B-Instruct_EgoOwn_Single_score.json,0.30254184748915064,1.0,3226,0.2805194805194805,0.3767,1155,0.17513949163050216,0.013071895424836602,0.0255,1224,0.008989460632362058,0.9096126255380201,0.3902,697,0.7913825170489771,0.013333333333333334,0.0175,150,0.024488530688158712,0.2025,0.0253,0.0133,0.025,0.3352272727272727,1584.0,0.26818515797207937,1361.0,0.3728813559322034,177.0,0.1346153846153846,104.0,0.29886194952993567,2021.0,0.32503660322108346,683.0,0.28735632183908044,522.0,,,,,,
T20260719-094639,EgoOwn,sparse,v2-2026-07-04,0,human_label,a571aa6,2026-07-19T16:16:34+00:00,Qwen2.5-VL-3B-Instruct/T20260719-094639/Qwen2.5-VL-3B-Instruct_EgoOwn_score.json,0.33498605515959096,1.0,3227,0.379757785467128,0.4688,1156,0.22218779051750853,0.02287581699346405,0.0441,1224,0.014254725751471955,0.8809182209469153,0.3938,697,0.7502324140068175,0.0,0.0,150,0.013325069724202046,0.2267,0.0,0.0,0.014,0.3819444444444444,1584.0,0.2907488986784141,1362.0,0.3898305084745763,177.0,0.10576923076923077,104.0,0.293419099455715,2021.0,0.34992679355783307,683.0,0.47609942638623326,523.0,,,,,,
Qwen2.5-VL-7B-Instruct,EgoOwn_Blind,blind,v2-2026-07-04,0,human_label,90a5257,2026-07-19T00:33:41+00:00,Qwen2.5-VL-7B-Instruct/Qwen2.5-VL-7B-Instruct_EgoOwn_Blind_score.json,0.1183762008057019,1.0,3227,0.02422145328719723,0.0467,1156,0.013634955066625348,0.136437908496732,0.217,1224,0.09761388286334056,0.0746054519368723,0.134,697,0.024480942051440968,0.9,0.0919,150,0.8642702200185931,0.1224,0.0484,0.9,0.8625,0.10732323232323232,1584.0,0.09544787077826726,1362.0,0.11864406779661017,177.0,0.5865384615384616,104.0,0.12122711528946066,2021.0,0.09663250366032211,683.0,0.13575525812619502,523.0,,,,,,
Qwen2.5-VL-7B-Instruct,EgoOwn_Single,single,v2-2026-07-04,0,human_label,90a5257,2026-07-19T00:32:53+00:00,Qwen2.5-VL-7B-Instruct/Qwen2.5-VL-7B-Instruct_EgoOwn_Single_score.json,0.34593924364538126,1.0,3226,0.270995670995671,0.3855,1155,0.1453812771233726,0.30637254901960786,0.4028,1224,0.1977681339119653,0.5236728837876614,0.4299,697,0.31029138251704896,0.42,0.0994,150,0.3465592064476131,0.3294,0.0564,0.42,0.343,0.3465909090909091,1584.0,0.3526818515797208,1361.0,0.288135593220339,177.0,0.34615384615384615,104.0,0.3899059871350816,2021.0,0.28257686676427524,683.0,0.25862068965517243,522.0,,,,,,
Qwen2.5-VL-7B-Instruct,EgoOwn,sparse,v2-2026-07-04,0,human_label,90a5257,2026-07-19T00:33:20+00:00,Qwen2.5-VL-7B-Instruct/Qwen2.5-VL-7B-Instruct_EgoOwn_score.json,0.486210102262163,1.0,3227,0.36505190311418684,0.4787,1156,0.18810040285094515,0.673202614379085,0.5965,1224,0.4769135419894639,0.44619799139167865,0.3861,697,0.2832352029748993,0.08,0.0757,150,0.051750852184691665,0.3842,0.0719,0.08,0.0504,0.4671717171717172,1584.0,0.5381791483113069,1362.0,0.423728813559322,177.0,0.20192307692307693,104.0,0.5462642256308758,2021.0,0.37920937042459735,683.0,0.3938814531548757,523.0,,,,,,
T20260718-122845,EgoOwn_Blind,blind,v2-2026-07-04,0,human_label,90a5257,2026-07-18T21:11:03+00:00,Qwen2.5-VL-7B-Instruct/T20260718-122845/Qwen2.5-VL-7B-Instruct_EgoOwn_Blind_score.json,0.1183762008057019,1.0,3227,0.02422145328719723,0.0467,1156,0.013634955066625348,0.136437908496732,0.217,1224,0.09761388286334056,0.0746054519368723,0.134,697,0.024480942051440968,0.9,0.0919,150,0.8642702200185931,0.1224,0.0484,0.9,0.8625,0.10732323232323232,1584.0,0.09544787077826726,1362.0,0.11864406779661017,177.0,0.5865384615384616,104.0,0.12122711528946066,2021.0,0.09663250366032211,683.0,0.13575525812619502,523.0,,,,,,
T20260718-122845,EgoOwn_Single,single,v2-2026-07-04,0,human_label,90a5257,2026-07-18T14:39:47+00:00,Qwen2.5-VL-7B-Instruct/T20260718-122845/Qwen2.5-VL-7B-Instruct_EgoOwn_Single_score.json,0.34593924364538126,1.0,3226,0.270995670995671,0.3855,1155,0.1453812771233726,0.30637254901960786,0.4028,1224,0.1977681339119653,0.5236728837876614,0.4299,697,0.31029138251704896,0.42,0.0994,150,0.3465592064476131,0.3294,0.0564,0.42,0.343,0.3465909090909091,1584.0,0.3526818515797208,1361.0,0.288135593220339,177.0,0.34615384615384615,104.0,0.3899059871350816,2021.0,0.28257686676427524,683.0,0.25862068965517243,522.0,,,,,,
T20260718-122845,EgoOwn,sparse,v2-2026-07-04,0,human_label,90a5257,2026-07-18T21:00:47+00:00,Qwen2.5-VL-7B-Instruct/T20260718-122845/Qwen2.5-VL-7B-Instruct_EgoOwn_score.json,0.486210102262163,1.0,3227,0.36505190311418684,0.4787,1156,0.18810040285094515,0.673202614379085,0.5965,1224,0.4769135419894639,0.44619799139167865,0.3861,697,0.2832352029748993,0.08,0.0757,150,0.051750852184691665,0.3842,0.0719,0.08,0.0504,0.4671717171717172,1584.0,0.5381791483113069,1362.0,0.423728813559322,177.0,0.20192307692307693,104.0,0.5462642256308758,2021.0,0.37920937042459735,683.0,0.3938814531548757,523.0,,,,,,
T20260719-003234,EgoOwn_Blind,blind,v2-2026-07-04,0,human_label,90a5257,2026-07-19T00:33:41+00:00,Qwen2.5-VL-7B-Instruct/T20260719-003234/Qwen2.5-VL-7B-Instruct_EgoOwn_Blind_score.json,0.1183762008057019,1.0,3227,0.02422145328719723,0.0467,1156,0.013634955066625348,0.136437908496732,0.217,1224,0.09761388286334056,0.0746054519368723,0.134,697,0.024480942051440968,0.9,0.0919,150,0.8642702200185931,0.1224,0.0484,0.9,0.8625,0.10732323232323232,1584.0,0.09544787077826726,1362.0,0.11864406779661017,177.0,0.5865384615384616,104.0,0.12122711528946066,2021.0,0.09663250366032211,683.0,0.13575525812619502,523.0,,,,,,
T20260719-003234,EgoOwn_Single,single,v2-2026-07-04,0,human_label,90a5257,2026-07-19T00:32:53+00:00,Qwen2.5-VL-7B-Instruct/T20260719-003234/Qwen2.5-VL-7B-Instruct_EgoOwn_Single_score.json,0.34593924364538126,1.0,3226,0.270995670995671,0.3855,1155,0.1453812771233726,0.30637254901960786,0.4028,1224,0.1977681339119653,0.5236728837876614,0.4299,697,0.31029138251704896,0.42,0.0994,150,0.3465592064476131,0.3294,0.0564,0.42,0.343,0.3465909090909091,1584.0,0.3526818515797208,1361.0,0.288135593220339,177.0,0.34615384615384615,104.0,0.3899059871350816,2021.0,0.28257686676427524,683.0,0.25862068965517243,522.0,,,,,,
T20260719-003234,EgoOwn,sparse,v2-2026-07-04,0,human_label,90a5257,2026-07-19T00:33:20+00:00,Qwen2.5-VL-7B-Instruct/T20260719-003234/Qwen2.5-VL-7B-Instruct_EgoOwn_score.json,0.486210102262163,1.0,3227,0.36505190311418684,0.4787,1156,0.18810040285094515,0.673202614379085,0.5965,1224,0.4769135419894639,0.44619799139167865,0.3861,697,0.2832352029748993,0.08,0.0757,150,0.051750852184691665,0.3842,0.0719,0.08,0.0504,0.4671717171717172,1584.0,0.5381791483113069,1362.0,0.423728813559322,177.0,0.20192307692307693,104.0,0.5462642256308758,2021.0,0.37920937042459735,683.0,0.3938814531548757,523.0,,,,,,
clip-probe,EgoOwn,probe-linear_groupcv,,,human_label,e82f3a7,2026-07-23T06:44:25+00:00,clip-probe/EgoOwn_probe_linear_groupcv_score.json,0.7957855593430431,1.0,3227,0.8494809688581315,0.8072,1156,0.3957235822745584,0.8856209150326797,0.8403,1224,0.42020452432599936,0.7173601147776184,0.777,697,0.18283235202974898,0.013333333333333334,0.026,150,0.0012395413696932136,0.6126,0.5,0.0133,0.0006,0.80239898989899,1584.0,0.8377386196769456,1362.0,0.8305084745762712,177.0,0.08653846153846154,104.0,0.8322612568035626,2021.0,0.7071742313323572,683.0,0.7705544933078394,523.0,,,,,,
clip-probe,EgoOwn,probe-linear,,,human_label,492a050,2026-07-20T11:20:07+00:00,clip-probe/EgoOwn_probe_linear_score.json,0.8007437248218159,1.0,3227,0.8650519031141869,0.8137,1156,0.403470715835141,0.8831699346405228,0.8435,1224,0.4149364735048032,0.7202295552367288,0.7844,697,0.18066315463278587,0.006666666666666667,0.0131,150,0.0009296560272699101,0.6137,0.3333,0.0067,0.0006,0.8074494949494949,1584.0,0.8443465491923642,1362.0,0.8305084745762712,177.0,0.07692307692307693,104.0,0.838693715982187,2021.0,0.705710102489019,683.0,0.7782026768642447,523.0,,,,,,
clip-probe,EgoOwn,probe-zeroshot,,,human_label,492a050,2026-07-20T11:20:07+00:00,clip-probe/EgoOwn_probe_zeroshot_score.json,0.30833591571118685,1.0,3227,0.20847750865051903,0.2759,1156,0.1831422373721723,0.4738562091503268,0.4146,1224,0.48775952897427954,0.22381635581061693,0.223,697,0.21753951038115898,0.12,0.0706,150,0.11155872327238922,0.246,0.05,0.12,0.1111,0.2916666666666667,1584.0,0.34287812041116006,1362.0,0.2598870056497175,177.0,0.19230769230769232,104.0,0.3503216229589312,2021.0,0.21669106881405564,683.0,0.26577437858508607,523.0,,,,,,
egovlp-probe,EgoOwn,probe-linear_groupcv,,,human_label,492a050,2026-07-21T00:42:23+00:00,egovlp-probe/EgoOwn_probe_linear_groupcv_score.json,0.7675859931825225,1.0,3227,0.8399653979238755,0.7998,1156,0.3941741555624419,0.8513071895424836,0.8099,1224,0.4180353269290363,0.6571018651362984,0.7106,697,0.1834521227145956,0.04,0.0732,150,0.004338394793926247,0.5984,0.4286,0.04,0.0026,0.7664141414141414,1584.0,0.8245227606461086,1362.0,0.7344632768361582,177.0,0.09615384615384616,104.0,0.7902028698664028,2021.0,0.6954612005856515,683.0,0.7743785850860421,523.0,,,,,,
egovlp-probe,EgoOwn,probe-linear,,,human_label,492a050,2026-07-21T00:42:23+00:00,egovlp-probe/EgoOwn_probe_linear_score.json,0.7855593430430741,1.0,3227,0.8494809688581315,0.8099,1156,0.393244499535172,0.8651960784313726,0.8299,1224,0.4115277347381469,0.7015781922525107,0.7494,697,0.18841028819336844,0.03333333333333333,0.0581,150,0.006817477533312674,0.6118,0.2273,0.0333,0.0055,0.7922979797979798,1584.0,0.8340675477239354,1362.0,0.7627118644067796,177.0,0.08653846153846154,104.0,0.8208807521029193,2021.0,0.7013177159590044,683.0,0.7590822179732314,523.0,,,,,,
EgoSweep_GPT,EgoOwn,sparse,v2-2026-07-04,1,human_label,a571aa6,2026-07-19T12:29:00+00:00,optseed1/EgoSweep_GPT/EgoSweep_GPT_EgoOwn_score.json,0.42609234583204214,1.0,3227,0.5614186851211073,0.5673,1156,0.3507902076231794,0.17892156862745098,0.2753,1224,0.11372792066935233,0.6857962697274032,0.5204,697,0.3532692903625658,0.19333333333333333,0.0786,150,0.1822125813449024,0.3604,0.0493,0.1933,0.1817,0.4633838383838384,1584.0,0.39500734214390604,1362.0,0.4406779661016949,177.0,0.2403846153846154,104.0,0.3612073231073726,2021.0,0.493411420204978,683.0,0.5889101338432122,523.0,,,,,,
T20260719-122320,EgoOwn,sparse,v2-2026-07-04,1,human_label,a571aa6,2026-07-19T12:29:00+00:00,optseed1/EgoSweep_GPT/T20260719-122320/EgoSweep_GPT_EgoOwn_score.json,0.42609234583204214,1.0,3227,0.5614186851211073,0.5673,1156,0.3507902076231794,0.17892156862745098,0.2753,1224,0.11372792066935233,0.6857962697274032,0.5204,697,0.3532692903625658,0.19333333333333333,0.0786,150,0.1822125813449024,0.3604,0.0493,0.1933,0.1817,0.4633838383838384,1584.0,0.39500734214390604,1362.0,0.4406779661016949,177.0,0.2403846153846154,104.0,0.3612073231073726,2021.0,0.493411420204978,683.0,0.5889101338432122,523.0,,,,,,
EgoSweep_GPT,EgoOwn,sparse,v2-2026-07-04,2,human_label,a571aa6,2026-07-19T12:34:58+00:00,optseed2/EgoSweep_GPT/EgoSweep_GPT_EgoOwn_score.json,0.4248528044623489,1.0,3227,0.5458477508650519,0.5596,1156,0.3405639913232104,0.184640522875817,0.2825,1224,0.11651688875116208,0.703012912482066,0.5263,697,0.3610164239231484,0.16,0.0651,150,0.18190269600247908,0.3584,0.0409,0.16,0.183,0.4583333333333333,1584.0,0.4023494860499266,1362.0,0.4463276836158192,177.0,0.17307692307692307,104.0,0.35724888668975757,2021.0,0.4992679355783309,683.0,0.5889101338432122,523.0,,,,,,
T20260719-122933,EgoOwn,sparse,v2-2026-07-04,2,human_label,a571aa6,2026-07-19T12:34:58+00:00,optseed2/EgoSweep_GPT/T20260719-122933/EgoSweep_GPT_EgoOwn_score.json,0.4248528044623489,1.0,3227,0.5458477508650519,0.5596,1156,0.3405639913232104,0.184640522875817,0.2825,1224,0.11651688875116208,0.703012912482066,0.5263,697,0.3610164239231484,0.16,0.0651,150,0.18190269600247908,0.3584,0.0409,0.16,0.183,0.4583333333333333,1584.0,0.4023494860499266,1362.0,0.4463276836158192,177.0,0.17307692307692307,104.0,0.35724888668975757,2021.0,0.4992679355783309,683.0,0.5889101338432122,523.0,,,,,,
qwen-vit-probe,EgoOwn,probe-linear_groupcv,,,human_label,3224621,2026-07-23T08:34:40+00:00,qwen-vit-probe/EgoOwn_probe_linear_groupcv_score.json,0.8066315463278587,1.0,3227,0.8512110726643599,0.8142,1156,0.3907654167957856,0.8913398692810458,0.8557,1224,0.41090796405330027,0.7431850789096126,0.7866,697,0.1921289123024481,0.06666666666666667,0.1176,150,0.006197706848466067,0.6436,0.5,0.0667,0.0032,0.8093434343434344,1584.0,0.8582966226138032,1362.0,0.7853107344632768,177.0,0.125,104.0,0.8485898070262247,2021.0,0.7320644216691069,683.0,0.7418738049713193,523.0,,,,,,
qwen-vit-probe,EgoOwn,probe-linear,,,human_label,3224621,2026-07-23T08:34:40+00:00,qwen-vit-probe/EgoOwn_probe_linear_score.json,0.8125193678339014,1.0,3227,0.860726643598616,0.8223,1156,0.3916950728230555,0.8929738562091504,0.8576,1224,0.410598078710877,0.7489239598278336,0.7963,697,0.19026960024790826,0.08,0.1379,150,0.007437248218159281,0.6535,0.5,0.08,0.0039,0.8131313131313131,1584.0,0.8656387665198237,1362.0,0.7909604519774012,177.0,0.14423076923076922,104.0,0.8505690252350322,2021.0,0.7423133235724744,683.0,0.7571701720841301,523.0,,,,,,
qwen-vit:Qwen_Qwen2.5-VL-32B-Instruct-probe,EgoOwn,probe-linear_groupcv,,,human_label,3224621,2026-07-23T10:36:57+00:00,qwen-vit:Qwen_Qwen2.5-VL-32B-Instruct-probe/EgoOwn_probe_linear_groupcv_score.json,0.8041524635884723,1.0,3227,0.8538062283737025,0.8144,1156,0.39293461419274867,0.880718954248366,0.8488,1224,0.4078091106290672,0.7474892395982783,0.7888,697,0.1933684536721413,0.06,0.1065,150,0.005887821506042764,0.6396,0.4737,0.06,0.0032,0.8143939393939394,1584.0,0.8487518355359766,1362.0,0.7627118644067796,177.0,0.1346153846153846,104.0,0.8446313706086096,2021.0,0.718887262079063,683.0,0.7590822179732314,523.0,,,,,,
qwen-vit:Qwen_Qwen2.5-VL-32B-Instruct-probe,EgoOwn,probe-linear,,,human_label,3224621,2026-07-23T10:36:57+00:00,qwen-vit:Qwen_Qwen2.5-VL-32B-Instruct-probe/EgoOwn_probe_linear_score.json,0.8088007437248218,1.0,3227,0.8598615916955017,0.8198,1156,0.393244499535172,0.8880718954248366,0.8532,1224,0.4102881933684537,0.7503586800573888,0.7966,697,0.19088937093275488,0.04,0.0714,150,0.005577936163619461,0.6353,0.3333,0.04,0.0039,0.8131313131313131,1584.0,0.8597650513950074,1362.0,0.7740112994350282,177.0,0.1346153846153846,104.0,0.851063829787234,2021.0,0.7174231332357247,683.0,0.7648183556405354,523.0,,,,,,
siglip-probe,EgoOwn,probe-linear_groupcv,,,human_label,492a050,2026-07-20T11:35:35+00:00,siglip-probe/EgoOwn_probe_linear_groupcv_score.json,0.8047722342733189,1.0,3227,0.8538062283737025,0.8154,1156,0.39200495816547876,0.8725490196078431,0.8453,1224,0.4037806011775643,0.763271162123386,0.8,697,0.19615742175395104,0.06666666666666667,0.1136,150,0.008057018903005888,0.6436,0.3846,0.0667,0.0052,0.8055555555555556,1584.0,0.855359765051395,1362.0,0.7966101694915254,177.0,0.14423076923076922,104.0,0.8396833250865908,2021.0,0.7203513909224012,683.0,0.780114722753346,523.0,,,,,,
siglip-probe,EgoOwn,probe-linear,,,human_label,492a050,2026-07-20T11:35:35+00:00,siglip-probe/EgoOwn_probe_linear_score.json,0.8143786798884413,1.0,3227,0.8650519031141869,0.8247,1156,0.393244499535172,0.8790849673202614,0.854,1224,0.4016114037806012,0.7776183644189383,0.8132,697,0.19708707778122095,0.06666666666666667,0.1136,150,0.008057018903005888,0.6514,0.3846,0.0667,0.0052,0.8181818181818182,1584.0,0.8649045521292217,1362.0,0.7966101694915254,177.0,0.125,104.0,0.8515586343394359,2021.0,0.7320644216691069,683.0,0.7782026768642447,523.0,,,,,,
siglip-probe,EgoOwn,probe-zeroshot,,,human_label,492a050,2026-07-20T11:35:35+00:00,siglip-probe/EgoOwn_probe_zeroshot_score.json,0.26216299969011464,1.0,3227,0.606401384083045,0.4573,1156,0.5918810040285094,0.04411764705882353,0.0759,1224,0.06135729779981407,0.09325681492109039,0.1217,697,0.11496746203904555,0.17333333333333334,0.0579,150,0.23179423613263092,0.1782,0.0348,0.1733,0.2346,0.3143939393939394,1584.0,0.20484581497797358,1362.0,0.2824858757062147,177.0,0.18269230769230768,104.0,0.09945571499257794,2021.0,0.49194729136163984,683.0,0.5908221797323135,523.0,,,,,,
Claude_Jupiter_V1_P,EgoOwn,,,,,,,smoke/Claude_Jupiter_V1_P/Claude_Jupiter_V1_P_EgoOwn_score.json,0.8,1.0,5,1.0,,4,,,,0,,0.0,,1,,,,0,,,,,,,,,,0.8,5.0,,,,,,,0.8,5.0,,,,,,
T20260625-065444,EgoOwn,,,,,,,smoke/Claude_Jupiter_V1_P/T20260625-065444/Claude_Jupiter_V1_P_EgoOwn_score.json,0.8,1.0,5,1.0,,4,,,,0,,0.0,,1,,,,0,,,,,,,,,,0.8,5.0,,,,,,,0.8,5.0,,,,,,
Claude_Jupiter_V1_P,EgoOwn,,,,,,,smoke_hf/Claude_Jupiter_V1_P/Claude_Jupiter_V1_P_EgoOwn_score.json,0.8,1.0,5,1.0,,4,,,,0,,0.0,,1,,,,0,,,,,,,,,,0.8,5.0,,,,,,,0.8,5.0,,,,,,
T20260625-070300,EgoOwn,,,,,,,smoke_hf/Claude_Jupiter_V1_P/T20260625-070300/Claude_Jupiter_V1_P_EgoOwn_score.json,0.8,1.0,5,1.0,,4,,,,0,,0.0,,1,,,,0,,,,,,,,,,0.8,5.0,,,,,,,0.8,5.0,,,,,,
Qwen2.5-Omni-3B,EgoOwn,,,,,,,vllm_full/Qwen2.5-Omni-3B/Qwen2.5-Omni-3B_EgoOwn_EgoLife_score.json,0.3003337041156841,1.0,899,0.6022099447513812,,181,,0.7058823529411765,,136,,0.25793650793650796,,252,,0.0,,330,,,,,,0.23503325942350334,451.0,1.0,1.0,0.38516746411483255,418.0,0.06896551724137931,29.0,,,0.3003337041156841,899.0,,,,,,,,
Qwen2.5-Omni-3B,EgoOwn,,,,,,,vllm_full/Qwen2.5-Omni-3B/Qwen2.5-Omni-3B_EgoOwn_NarrA_score.json,0.47074389885327844,1.0,3401,0.5,,2,,0.4837702871410737,,3204,,0.625,,80,,0.0,,115,,,,,,0.47074389885327844,3401.0,,,,,,,,,,,,,,,0.47074389885327844,3401.0,,
Qwen2.5-Omni-3B,EgoOwn,,,,,,,vllm_full/Qwen2.5-Omni-3B/Qwen2.5-Omni-3B_EgoOwn_score.json,0.5932504440497336,0.9378330373001776,563,0.8370927318295739,,399,,0.0,,1,,0.0,,163,,,,0,,,,,,,,,,0.5932504440497336,563.0,,,,,,,0.6325757575757576,528.0,,,,,0.0,35.0
T20260625-073629,EgoOwn,,,,,,,vllm_full/Qwen2.5-Omni-3B/T20260625-073629/Qwen2.5-Omni-3B_EgoOwn_EgoLife_score.json,0.3003337041156841,1.0,899,0.6022099447513812,,181,,0.7058823529411765,,136,,0.25793650793650796,,252,,0.0,,330,,,,,,0.23503325942350334,451.0,1.0,1.0,0.38516746411483255,418.0,0.06896551724137931,29.0,,,0.3003337041156841,899.0,,,,,,,,
T20260625-073629,EgoOwn,,,,,,,vllm_full/Qwen2.5-Omni-3B/T20260625-073629/Qwen2.5-Omni-3B_EgoOwn_NarrA_score.json,0.47074389885327844,1.0,3401,0.5,,2,,0.4837702871410737,,3204,,0.625,,80,,0.0,,115,,,,,,0.47074389885327844,3401.0,,,,,,,,,,,,,,,0.47074389885327844,3401.0,,
T20260625-073629,EgoOwn,,,,,,,vllm_full/Qwen2.5-Omni-3B/T20260625-073629/Qwen2.5-Omni-3B_EgoOwn_score.json,0.5932504440497336,0.9378330373001776,563,0.8370927318295739,,399,,0.0,,1,,0.0,,163,,,,0,,,,,,,,,,0.5932504440497336,563.0,,,,,,,0.6325757575757576,528.0,,,,,0.0,35.0
Qwen2.5-Omni-3B,EgoOwn,,,,,,,vllm_smoke/Qwen2.5-Omni-3B/Qwen2.5-Omni-3B_EgoOwn_score.json,0.6,1.0,10,0.75,,8,,,,0,,0.0,,2,,,,0,,,,,,,,,,0.6,10.0,,,,,,,0.6,10.0,,,,,,
T20260625-072942,EgoOwn,,,,,,,vllm_smoke/Qwen2.5-Omni-3B/T20260625-072942/Qwen2.5-Omni-3B_EgoOwn_score.json,0.6,1.0,10,0.75,,8,,,,0,,0.0,,2,,,,0,,,,,,,,,,0.6,10.0,,,,,,,0.6,10.0,,,,,,
